"","species","cell","year","elev_factor","arr_GAM_mean","arr_GAM_sd"
"1","Tree Swallow",417,2002,0,77.091,8.94293264808113
"2","Tree Swallow",558,2002,3,97.7143333333333,14.1902965459116
"3","Tree Swallow",567,2002,0,104.784333333333,4.58179209791304
"4","Tree Swallow",590,2002,0,95.722,9.54608603492525
"5","Tree Swallow",591,2002,0,95.158,11.3572017391513
"6","Tree Swallow",594,2002,0,89.8096666666667,5.09268282555235
"7","Tree Swallow",595,2002,0,99.0536666666667,3.57561858121105
"8","Tree Swallow",618,2002,0,82.4996666666667,5.63624481732023
"9","Tree Swallow",619,2002,0,71.7523333333333,7.44881351826131
"10","Tree Swallow",620,2002,0,83.137,5.56140336627975
"11","Tree Swallow",621,2002,0,84.7843333333333,7.48619856437191
"12","Tree Swallow",622,2002,0,96.249,3.0719393337798
"13","Tree Swallow",646,2002,0,90.2783333333333,12.0127279346963
"14","Tree Swallow",649,2002,0,78.9023333333333,4.71050501624383
"15","Tree Swallow",417,2003,0,78.43,7.74664035645588
"16","Tree Swallow",558,2003,3,101.236333333333,7.25368999625313
"17","Tree Swallow",567,2003,0,113.661666666667,2.61192226815179
"18","Tree Swallow",590,2003,0,90.6213333333333,3.98186262514719
"19","Tree Swallow",591,2003,0,100.405333333333,5.55607729312549
"20","Tree Swallow",594,2003,0,101.831,5.42607160700644
"21","Tree Swallow",595,2003,0,108.078,3.46014067987246
"22","Tree Swallow",618,2003,0,93.4153333333333,4.60600006887037
"23","Tree Swallow",619,2003,0,78.1286666666667,6.58127768452871
"24","Tree Swallow",620,2003,0,97.575,3.03206851502843
"25","Tree Swallow",621,2003,0,94.8276666666667,3.56999759801583
"26","Tree Swallow",622,2003,0,97.6546666666667,3.02033977774246
"27","Tree Swallow",646,2003,0,92.9393333333333,7.39029938932855
"28","Tree Swallow",647,2003,0,92.5033333333333,9.97930447116089
"29","Tree Swallow",648,2003,0,90.6733333333333,11.0777341675536
"30","Tree Swallow",649,2003,0,94.0663333333333,8.00503758669982
"31","Tree Swallow",674,2003,0,84.2033333333333,9.46135092235673
"32","Tree Swallow",392,2004,2,114.899333333333,7.45477861041262
"33","Tree Swallow",417,2004,0,71.666,14.899992637365
"34","Tree Swallow",471,2004,0,56.3793333333333,7.6585240452979
"35","Tree Swallow",498,2004,0,52.7273333333333,9.4975990484324
"36","Tree Swallow",558,2004,3,88.5766666666667,7.3671034760457
"37","Tree Swallow",563,2004,0,92.5096666666667,9.78555869339455
"38","Tree Swallow",567,2004,0,105.626666666667,2.03502727276296
"39","Tree Swallow",590,2004,0,88.479,3.47134590816558
"40","Tree Swallow",591,2004,0,101.360666666667,6.75547667036927
"41","Tree Swallow",592,2004,0,98.863,9.11416042796971
"42","Tree Swallow",594,2004,0,104.518666666667,4.16278286037149
"43","Tree Swallow",595,2004,0,108.721666666667,2.75476438154364
"44","Tree Swallow",618,2004,0,87.131,5.98373690674342
"45","Tree Swallow",619,2004,0,91.6413333333333,3.83826379741523
"46","Tree Swallow",620,2004,0,93.318,2.46310744780514
"47","Tree Swallow",621,2004,0,97.4756666666667,2.62977434898849
"48","Tree Swallow",621,2004,1,105.198333333333,4.28887654787396
"49","Tree Swallow",622,2004,0,102.714666666667,3.06904837175825
"50","Tree Swallow",646,2004,0,84.391,7.55414725257399
"51","Tree Swallow",647,2004,0,98.7233333333333,10.029838222714
"52","Tree Swallow",648,2004,0,97.294,6.44852115928248
"53","Tree Swallow",649,2004,0,85.4053333333333,3.56013994402317
"54","Tree Swallow",674,2004,0,85.0346666666667,5.59403515350547
"55","Tree Swallow",738,2004,0,112.545333333333,9.12836534692044
"56","Tree Swallow",417,2005,0,70.629,10.790126718975
"57","Tree Swallow",419,2005,1,89.1906666666667,8.68555078773843
"58","Tree Swallow",558,2005,3,97.834,11.5831415020142
"59","Tree Swallow",563,2005,0,108.452333333333,5.87127628237252
"60","Tree Swallow",567,2005,0,101.372333333333,1.94772493772432
"61","Tree Swallow",591,2005,0,91.0726666666667,4.05678921502384
"62","Tree Swallow",592,2005,0,89.9486666666667,14.6938763284599
"63","Tree Swallow",594,2005,0,94.4206666666667,2.650291978521
"64","Tree Swallow",595,2005,0,98.0426666666667,2.37179004514066
"65","Tree Swallow",618,2005,0,96.066,4.61816195110155
"66","Tree Swallow",619,2005,0,91.509,5.20355115745157
"67","Tree Swallow",620,2005,0,90.3543333333333,2.19341094479498
"68","Tree Swallow",621,2005,0,97.1686666666667,2.06291947681228
"69","Tree Swallow",621,2005,1,83.753,8.84933676914554
"70","Tree Swallow",622,2005,0,99.2226666666667,2.64677565401306
"71","Tree Swallow",646,2005,0,78.5396666666667,4.97125044623805
"72","Tree Swallow",647,2005,0,98.6833333333333,4.78232988356728
"73","Tree Swallow",648,2005,0,95.8616666666667,6.21171412357382
"74","Tree Swallow",649,2005,0,85.3263333333333,2.43292956556065
"75","Tree Swallow",674,2005,0,73.353,6.88691035066229
"76","Tree Swallow",736,2005,0,110.46,7.2937964386751
"77","Tree Swallow",738,2005,0,115.582333333333,6.73099720175241
"78","Tree Swallow",392,2006,2,109.781,4.8184483825126
"79","Tree Swallow",419,2006,1,91.9793333333333,8.78384643583276
"80","Tree Swallow",498,2006,0,67.1653333333333,9.84796048246083
"81","Tree Swallow",534,2006,0,107.932666666667,8.65727723008614
"82","Tree Swallow",558,2006,3,101.743333333333,8.02705425974675
"83","Tree Swallow",563,2006,0,102.604,2.96604953036957
"84","Tree Swallow",567,2006,0,110.891,3.39631623792543
"85","Tree Swallow",590,2006,0,87.5713333333333,2.13286065815013
"86","Tree Swallow",591,2006,0,93.4466666666667,3.50189138942412
"87","Tree Swallow",592,2006,0,90.1316666666667,7.42464627752312
"88","Tree Swallow",594,2006,0,95.5403333333333,3.01740641435301
"89","Tree Swallow",595,2006,0,96.7746666666667,1.89448882767751
"90","Tree Swallow",618,2006,0,89.9433333333333,2.70577702308506
"91","Tree Swallow",619,2006,0,91.7363333333333,2.65527714582287
"92","Tree Swallow",620,2006,0,93.7056666666667,1.52133911838438
"93","Tree Swallow",621,2006,0,99.4603333333333,1.69136437825863
"94","Tree Swallow",622,2006,0,97.0576666666667,2.76216420087215
"95","Tree Swallow",646,2006,0,85.3103333333333,4.58254221147269
"96","Tree Swallow",647,2006,0,90.2866666666667,3.87420857116733
"97","Tree Swallow",648,2006,0,92.1226666666667,4.6149090295121
"98","Tree Swallow",649,2006,0,86.7166666666667,2.33228115815591
"99","Tree Swallow",674,2006,0,67.937,4.29059056414494
"100","Tree Swallow",701,2006,0,72.6996666666667,7.49031607035601
"101","Tree Swallow",736,2006,0,103.357,6.65980495214897
"102","Tree Swallow",738,2006,0,124.019,6.23775671773296
"103","Tree Swallow",392,2007,2,119.726,3.67379316947539
"104","Tree Swallow",393,2007,2,116.865333333333,4.85163659824696
"105","Tree Swallow",417,2007,0,78.886,5.89377492452448
"106","Tree Swallow",419,2007,1,87.246,7.31259019261356
"107","Tree Swallow",498,2007,0,50.9053333333333,6.76507898353301
"108","Tree Swallow",534,2007,0,108.499333333333,4.5369072503217
"109","Tree Swallow",558,2007,3,102.531666666667,5.14935295296089
"110","Tree Swallow",563,2007,0,104.345333333333,2.37948850471489
"111","Tree Swallow",567,2007,0,112.334666666667,1.64303522293448
"112","Tree Swallow",589,2007,0,78.8966666666667,14.0797514900974
"113","Tree Swallow",590,2007,0,91.2386666666667,1.61345570189873
"114","Tree Swallow",591,2007,0,91.1136666666667,2.84618694904929
"115","Tree Swallow",592,2007,0,99.5093333333333,4.72553592574262
"116","Tree Swallow",594,2007,0,99.2506666666667,2.52981544998034
"117","Tree Swallow",595,2007,0,105.136,2.44789053186998
"118","Tree Swallow",618,2007,0,91.896,4.45381441249413
"119","Tree Swallow",619,2007,0,87.5123333333333,2.21302516532228
"120","Tree Swallow",620,2007,0,93.9783333333333,2.88582279658562
"121","Tree Swallow",621,2007,0,96.7876666666667,2.21394408353595
"122","Tree Swallow",621,2007,1,110.034666666667,4.07164884663845
"123","Tree Swallow",622,2007,0,99.1023333333333,2.38504172505059
"124","Tree Swallow",646,2007,0,84.4453333333333,3.84498888625189
"125","Tree Swallow",647,2007,0,81.6653333333333,3.01236723209549
"126","Tree Swallow",648,2007,0,89.7743333333333,3.10965666010523
"127","Tree Swallow",649,2007,0,86.0246666666667,2.44759510461887
"128","Tree Swallow",674,2007,0,73.949,5.68030113112971
"129","Tree Swallow",701,2007,0,67.532,7.38722995369688
"130","Tree Swallow",736,2007,0,121.394,9.51389871484081
"131","Tree Swallow",738,2007,0,123.004666666667,5.97376543843105
"132","Tree Swallow",739,2007,0,119.305666666667,5.31102346184734
"133","Tree Swallow",392,2008,2,120.332333333333,3.31585376400764
"134","Tree Swallow",393,2008,2,118.714,5.62068216702147
"135","Tree Swallow",417,2008,0,64.378,5.99597920183709
"136","Tree Swallow",419,2008,1,112.090666666667,7.28748804798829
"137","Tree Swallow",471,2008,0,51.9956666666667,3.76010115233364
"138","Tree Swallow",471,2008,2,62.0376666666667,10.7525246718075
"139","Tree Swallow",503,2008,3,123.639,6.60408083141596
"140","Tree Swallow",534,2008,0,105.975,3.8637655935008
"141","Tree Swallow",558,2008,3,105.147666666667,4.67295124947988
"142","Tree Swallow",558,2008,5,152.892,12.0143712988197
"143","Tree Swallow",563,2008,0,107.628,2.19496893589479
"144","Tree Swallow",567,2008,0,109.215666666667,1.69807215352245
"145","Tree Swallow",589,2008,0,100.57,6.62538541600688
"146","Tree Swallow",590,2008,0,95.184,1.22255560776243
"147","Tree Swallow",591,2008,0,99.779,1.82115289472226
"148","Tree Swallow",592,2008,0,104.208,2.80131251093624
"149","Tree Swallow",594,2008,0,100.038333333333,1.58840745244008
"150","Tree Swallow",595,2008,0,100.373333333333,2.05053418707733
"151","Tree Swallow",618,2008,0,101.198,3.14771324925993
"152","Tree Swallow",619,2008,0,95.59,1.62955571161971
"153","Tree Swallow",620,2008,0,97.8403333333333,1.56598978185934
"154","Tree Swallow",621,2008,0,98.8943333333333,1.30833423419949
"155","Tree Swallow",621,2008,1,109.949666666667,3.54334846273009
"156","Tree Swallow",622,2008,0,97.16,3.36048076079124
"157","Tree Swallow",646,2008,0,89.7923333333333,2.33388593624667
"158","Tree Swallow",647,2008,0,86.6086666666667,2.92010854253552
"159","Tree Swallow",648,2008,0,88.972,2.58716971786733
"160","Tree Swallow",649,2008,0,84.565,2.58933901968301
"161","Tree Swallow",674,2008,0,71.042,5.10146165038251
"162","Tree Swallow",702,2008,0,71.7033333333333,12.8342599435387
"163","Tree Swallow",736,2008,0,104.124666666667,4.68000274545383
"164","Tree Swallow",738,2008,0,124.455666666667,6.32302892506045
"165","Tree Swallow",393,2009,2,114.481333333333,5.28636296837121
"166","Tree Swallow",417,2009,0,74.522,5.28628706595166
"167","Tree Swallow",419,2009,1,91.9976666666667,3.4598147341855
"168","Tree Swallow",471,2009,2,82.5343333333333,8.77157158352503
"169","Tree Swallow",529,2009,2,72.1786666666667,8.51419845986844
"170","Tree Swallow",534,2009,0,109.307,2.67416056204009
"171","Tree Swallow",558,2009,3,102.675,2.99327494532319
"172","Tree Swallow",558,2009,4,112.728666666667,7.2303391453611
"173","Tree Swallow",558,2009,5,139.342,10.2900436182695
"174","Tree Swallow",563,2009,0,107.166,1.98807146318088
"175","Tree Swallow",567,2009,0,103.811666666667,1.57766501446119
"176","Tree Swallow",589,2009,0,100.200333333333,8.01067559760506
"177","Tree Swallow",590,2009,0,95.0926666666667,1.7848832337929
"178","Tree Swallow",591,2009,0,96.7746666666667,2.0197156497861
"179","Tree Swallow",592,2009,0,104.407,3.37557143224147
"180","Tree Swallow",594,2009,0,97.1606666666667,1.31887554370713
"181","Tree Swallow",595,2009,0,101.776666666667,2.04503861818598
"182","Tree Swallow",618,2009,0,87.5046666666667,2.75072724729634
"183","Tree Swallow",619,2009,0,94.4503333333333,2.07033700654323
"184","Tree Swallow",620,2009,0,93.2796666666667,1.72659016370998
"185","Tree Swallow",621,2009,0,95.9033333333333,1.84059360456384
"186","Tree Swallow",621,2009,1,101.913666666667,4.03959395591502
"187","Tree Swallow",622,2009,0,92.3196666666667,2.56625702413591
"188","Tree Swallow",646,2009,0,76.1763333333333,1.59731765681963
"189","Tree Swallow",647,2009,0,80.21,1.73826748745775
"190","Tree Swallow",648,2009,0,92.518,2.55300775874373
"191","Tree Swallow",648,2009,1,84.115,7.30823132376732
"192","Tree Swallow",649,2009,0,86.7203333333333,2.44529065164298
"193","Tree Swallow",674,2009,0,74.6106666666667,4.06881694263328
"194","Tree Swallow",701,2009,0,64.4933333333333,5.23065408302511
"195","Tree Swallow",702,2009,0,63.8073333333333,9.8558574224028
"196","Tree Swallow",702,2009,1,78.3606666666667,7.87129205627008
"197","Tree Swallow",736,2009,0,101.754666666667,1.98606639083181
"198","Tree Swallow",738,2009,0,119.580666666667,5.74582437266079
"199","Tree Swallow",226,2010,0,127.693666666667,8.34464124861449
"200","Tree Swallow",392,2010,1,103.163,7.41728407399538
"201","Tree Swallow",392,2010,2,122.900666666667,3.66659890608016
"202","Tree Swallow",393,2010,2,115.159333333333,6.99206043966676
"203","Tree Swallow",417,2010,0,72.8673333333333,4.54077149364233
"204","Tree Swallow",419,2010,1,108.175333333333,8.83115250918226
"205","Tree Swallow",471,2010,0,51.6096666666667,3.3769475092726
"206","Tree Swallow",498,2010,0,55.3253333333333,7.89051614094706
"207","Tree Swallow",506,2010,0,111.476,5.43549496689847
"208","Tree Swallow",529,2010,2,82.8316666666667,3.58863344262837
"209","Tree Swallow",529,2010,3,113.567333333333,10.3533503519421
"210","Tree Swallow",534,2010,0,104.189333333333,2.39375498116637
"211","Tree Swallow",558,2010,3,105.815,2.54380266084572
"212","Tree Swallow",558,2010,4,116.089666666667,5.94116085904144
"213","Tree Swallow",558,2010,5,140.605666666667,7.16211792697914
"214","Tree Swallow",563,2010,0,97.1583333333333,1.71976250780449
"215","Tree Swallow",567,2010,0,97.8576666666667,1.7535961874821
"216","Tree Swallow",589,2010,0,97.94,2.4848456999817
"217","Tree Swallow",590,2010,0,90.496,1.29223603029244
"218","Tree Swallow",591,2010,0,92.6106666666667,1.72319742301198
"219","Tree Swallow",592,2010,0,93.8973333333333,1.71321469478263
"220","Tree Swallow",594,2010,0,98.1756666666667,1.2881618722914
"221","Tree Swallow",595,2010,0,97.3246666666667,2.58846639440819
"222","Tree Swallow",618,2010,0,88.4656666666667,2.19205145592373
"223","Tree Swallow",619,2010,0,91.7136666666667,1.52549082690673
"224","Tree Swallow",620,2010,0,91.1556666666667,1.52890387900807
"225","Tree Swallow",621,2010,0,93.428,1.45997483157633
"226","Tree Swallow",621,2010,1,101.213333333333,4.77969009121002
"227","Tree Swallow",622,2010,0,90.1746666666667,2.2384135127154
"228","Tree Swallow",646,2010,0,81.1466666666667,2.0054499491939
"229","Tree Swallow",647,2010,0,81.7506666666667,1.68684558814226
"230","Tree Swallow",648,2010,0,85.4086666666667,1.9701824184094
"231","Tree Swallow",648,2010,1,90.8363333333333,10.3591497664392
"232","Tree Swallow",649,2010,0,82.073,2.00025115128644
"233","Tree Swallow",674,2010,0,74.365,3.33148734591302
"234","Tree Swallow",701,2010,0,69.8093333333333,2.71602132039247
"235","Tree Swallow",702,2010,0,77.1156666666667,7.17129209875581
"236","Tree Swallow",702,2010,1,90.3356666666667,5.29499829000783
"237","Tree Swallow",736,2010,0,99.6373333333333,3.84005923225037
"238","Tree Swallow",738,2010,0,110.422,6.08004152685842
"239","Tree Swallow",739,2010,0,130.737333333333,13.7886081528854
"240","Tree Swallow",116,2011,0,125.543,4.75538525214295
"241","Tree Swallow",392,2011,1,117.977666666667,12.0636511242813
"242","Tree Swallow",392,2011,2,117.245666666667,2.76330596246048
"243","Tree Swallow",393,2011,2,125.085666666667,4.92419981352201
"244","Tree Swallow",417,2011,0,80.018,4.035150159817
"245","Tree Swallow",419,2011,1,127.053666666667,5.93440749243912
"246","Tree Swallow",471,2011,2,80.4093333333333,4.89071425433219
"247","Tree Swallow",498,2011,1,80.7813333333333,10.2436889160965
"248","Tree Swallow",506,2011,0,126.899,4.20539662658932
"249","Tree Swallow",529,2011,2,88.8236666666667,5.57371168757538
"250","Tree Swallow",529,2011,3,111.091666666667,12.9015534174151
"251","Tree Swallow",534,2011,0,111.060666666667,2.33840592490812
"252","Tree Swallow",558,2011,2,91.97,12.5414325009703
"253","Tree Swallow",558,2011,3,119.030333333333,4.11530377136354
"254","Tree Swallow",558,2011,4,126.296666666667,4.46168403524561
"255","Tree Swallow",558,2011,5,139.155333333333,5.64161449943857
"256","Tree Swallow",563,2011,0,102.654666666667,1.78861527550137
"257","Tree Swallow",567,2011,0,101.564666666667,2.48284911653272
"258","Tree Swallow",589,2011,0,95.1633333333333,2.1891215071835
"259","Tree Swallow",590,2011,0,95.8933333333333,1.87201950877546
"260","Tree Swallow",591,2011,0,99.676,2.60690544234509
"261","Tree Swallow",592,2011,0,104.203,2.17379072636736
"262","Tree Swallow",594,2011,0,100.171,1.72242501026082
"263","Tree Swallow",595,2011,0,101.377333333333,2.00839009303743
"264","Tree Swallow",618,2011,0,83.824,2.4311165012152
"265","Tree Swallow",619,2011,0,90.0626666666667,2.01264911854506
"266","Tree Swallow",620,2011,0,96.857,1.69946473734067
"267","Tree Swallow",621,2011,0,100.801666666667,1.76277234614598
"268","Tree Swallow",621,2011,1,111.678666666667,4.05564145745568
"269","Tree Swallow",622,2011,0,94.8766666666667,2.81391096528109
"270","Tree Swallow",622,2011,1,101.616333333333,6.15644111030097
"271","Tree Swallow",646,2011,0,77.3313333333333,2.08894058790946
"272","Tree Swallow",647,2011,0,83.7106666666667,1.73049639163912
"273","Tree Swallow",648,2011,0,86.803,2.41014396485157
"274","Tree Swallow",648,2011,1,89.2263333333333,3.52002415885391
"275","Tree Swallow",649,2011,0,83.9983333333333,2.91841902613262
"276","Tree Swallow",674,2011,0,70.0076666666667,2.52343624165755
"277","Tree Swallow",701,2011,0,69.0966666666667,3.72522231766028
"278","Tree Swallow",701,2011,1,66.2123333333333,12.6673623370619
"279","Tree Swallow",702,2011,0,70.5226666666667,4.54566173060409
"280","Tree Swallow",702,2011,1,75.641,3.42627574126072
"281","Tree Swallow",736,2011,0,104.112,3.39243651994364
"282","Tree Swallow",738,2011,0,119.098,4.9836407265804
"283","Tree Swallow",739,2011,0,119.92,3.73250280541051
"284","Tree Swallow",226,2012,0,129.422333333333,6.01337576725932
"285","Tree Swallow",392,2012,1,103.989666666667,3.40354049751064
"286","Tree Swallow",392,2012,2,113.514666666667,2.42234200774575
"287","Tree Swallow",393,2012,2,118.105,3.10706607909671
"288","Tree Swallow",417,2012,0,83.3786666666667,6.16814074166263
"289","Tree Swallow",417,2012,2,95.1506666666667,5.96169552169403
"290","Tree Swallow",419,2012,1,107.356666666667,4.33878599497507
"291","Tree Swallow",471,2012,2,75.367,4.46791880329207
"292","Tree Swallow",471,2012,3,83.759,10.3137631462404
"293","Tree Swallow",498,2012,1,66.3383333333333,9.69449285003741
"294","Tree Swallow",506,2012,0,124.05,3.87313400951802
"295","Tree Swallow",529,2012,2,93.451,4.58845838128365
"296","Tree Swallow",529,2012,3,105.019666666667,4.47369547532658
"297","Tree Swallow",529,2012,4,113.403666666667,8.5137270180653
"298","Tree Swallow",534,2012,0,100.892,2.01652129157446
"299","Tree Swallow",558,2012,2,93.612,13.0431398507308
"300","Tree Swallow",558,2012,3,102.913,2.81177281362698
"301","Tree Swallow",558,2012,4,109.949666666667,3.74154151830498
"302","Tree Swallow",558,2012,5,124.111333333333,5.98605734322638
"303","Tree Swallow",563,2012,0,97.5623333333333,2.44706162415659
"304","Tree Swallow",567,2012,0,100.869,2.77964286761634
"305","Tree Swallow",589,2012,0,91.8076666666667,2.58719392644357
"306","Tree Swallow",590,2012,0,84.607,1.65593831726008
"307","Tree Swallow",591,2012,0,91.2133333333333,2.05033904162639
"308","Tree Swallow",592,2012,0,91.6846666666667,2.12745706891638
"309","Tree Swallow",594,2012,0,94.1713333333333,2.56544448208997
"310","Tree Swallow",594,2012,1,107.367333333333,5.25467443552532
"311","Tree Swallow",595,2012,0,93.1143333333333,2.67625023630665
"312","Tree Swallow",618,2012,0,81.9586666666667,1.87744502507077
"313","Tree Swallow",619,2012,0,85.3926666666667,1.76979950436507
"314","Tree Swallow",620,2012,0,91.6673333333333,2.29443261597111
"315","Tree Swallow",621,2012,0,90.3036666666667,1.85002542872197
"316","Tree Swallow",621,2012,1,92.2863333333333,3.28023371117908
"317","Tree Swallow",622,2012,0,85.1126666666667,2.49974447955052
"318","Tree Swallow",646,2012,0,74.9416666666667,1.87138930250483
"319","Tree Swallow",647,2012,0,76.6646666666667,1.86691724925363
"320","Tree Swallow",648,2012,0,82.9193333333333,2.00752823444478
"321","Tree Swallow",648,2012,1,81.9186666666667,2.06433331762041
"322","Tree Swallow",649,2012,0,79.8903333333333,2.18187077426248
"323","Tree Swallow",674,2012,0,70.3606666666667,1.97565701200856
"324","Tree Swallow",701,2012,0,76.731,4.96321638042773
"325","Tree Swallow",701,2012,1,75.2556666666667,10.898251779659
"326","Tree Swallow",702,2012,0,67.6286666666667,4.14614379775788
"327","Tree Swallow",702,2012,1,72.6693333333333,5.24923909335841
"328","Tree Swallow",736,2012,0,98.7183333333333,3.13075035012489
"329","Tree Swallow",738,2012,0,112.130333333333,3.53687947127882
"330","Tree Swallow",739,2012,0,113.513,2.81053922054768
"331","Tree Swallow",116,2013,0,141.44,2.86806704992537
"332","Tree Swallow",226,2013,0,125.409666666667,2.87145520144057
"333","Tree Swallow",392,2013,1,104.486,3.4795363279733
"334","Tree Swallow",392,2013,2,121.393666666667,2.07222696563093
"335","Tree Swallow",393,2013,1,125.501,2.62760355333103
"336","Tree Swallow",393,2013,2,122.126,1.95824808911594
"337","Tree Swallow",417,2013,0,72.7673333333333,3.80937921612248
"338","Tree Swallow",417,2013,1,85.554,3.03603192175965
"339","Tree Swallow",417,2013,2,84.6886666666667,3.20444915500586
"340","Tree Swallow",419,2013,1,93.623,4.34010174547251
"341","Tree Swallow",422,2013,0,124.284,3.91464585252828
"342","Tree Swallow",422,2013,1,129.645666666667,2.41606988449929
"343","Tree Swallow",471,2013,2,78.0106666666667,2.9512917391992
"344","Tree Swallow",471,2013,3,66.5946666666667,9.5716026217037
"345","Tree Swallow",498,2013,1,67.6763333333333,7.70683927946136
"346","Tree Swallow",506,2013,0,125.173666666667,2.50657818555277
"347","Tree Swallow",529,2013,2,83.5956666666667,3.33004669024455
"348","Tree Swallow",529,2013,3,95.732,3.95803798468745
"349","Tree Swallow",529,2013,4,107.889333333333,11.6174326396125
"350","Tree Swallow",534,2013,0,119.354,2.06545540628334
"351","Tree Swallow",557,2013,3,96.7,7.63051384773837
"352","Tree Swallow",558,2013,2,100.004,7.82055226177962
"353","Tree Swallow",558,2013,3,100.421333333333,2.72083550970026
"354","Tree Swallow",558,2013,4,116.309,3.56731844952294
"355","Tree Swallow",558,2013,5,129.775666666667,5.52136786100822
"356","Tree Swallow",563,2013,0,107.683,1.46420363933183
"357","Tree Swallow",567,2013,0,109.155333333333,1.43708963920114
"358","Tree Swallow",589,2013,0,98.882,1.49760595881202
"359","Tree Swallow",590,2013,0,97.276,1.90972240911953
"360","Tree Swallow",591,2013,0,100.350666666667,1.59892205547013
"361","Tree Swallow",592,2013,0,105.346666666667,1.66595739048089
"362","Tree Swallow",594,2013,0,99.708,1.50049541668696
"363","Tree Swallow",594,2013,1,113.311,6.30847667502383
"364","Tree Swallow",595,2013,0,98.7696666666667,1.64565567979078
"365","Tree Swallow",595,2013,1,122.881333333333,13.0287822894109
"366","Tree Swallow",618,2013,0,92.183,1.60344462898667
"367","Tree Swallow",619,2013,0,93.9413333333333,1.48434923555968
"368","Tree Swallow",620,2013,0,98.1746666666667,1.52258474651683
"369","Tree Swallow",621,2013,0,95.7223333333333,1.8026788693287
"370","Tree Swallow",621,2013,1,98.0783333333333,4.24878978382054
"371","Tree Swallow",622,2013,0,93.8976666666667,1.7228418239077
"372","Tree Swallow",622,2013,1,98.6143333333333,7.83386139463412
"373","Tree Swallow",646,2013,0,80.448,2.15147366851548
"374","Tree Swallow",647,2013,0,84.717,2.0237612350552
"375","Tree Swallow",648,2013,0,93.1956666666667,1.989815991019
"376","Tree Swallow",648,2013,1,95.727,2.01208527711612
"377","Tree Swallow",649,2013,0,89.8266666666667,1.9802178271855
"378","Tree Swallow",674,2013,0,68.298,2.1915284466123
"379","Tree Swallow",701,2013,0,55.4566666666667,3.57366001519315
"380","Tree Swallow",701,2013,1,62.5106666666667,12.8551275498792
"381","Tree Swallow",702,2013,0,73.955,3.45402447805915
"382","Tree Swallow",702,2013,1,72.919,2.62832171261592
"383","Tree Swallow",702,2013,2,76.2646666666667,14.562210370654
"384","Tree Swallow",736,2013,0,106.017,2.22673837437838
"385","Tree Swallow",738,2013,0,113.321666666667,2.7639483278471
"386","Tree Swallow",739,2013,0,114.073666666667,2.45823531471459
"387","Tree Swallow",116,2014,0,130.650666666667,3.18287235806038
"388","Tree Swallow",226,2014,0,128.489333333333,5.21257548657956
"389","Tree Swallow",309,2014,1,109.019333333333,9.62637948293849
"390","Tree Swallow",392,2014,1,107.976333333333,6.8734407651146
"391","Tree Swallow",392,2014,2,113.164,1.41672381528285
"392","Tree Swallow",393,2014,1,124.652333333333,2.41289630494454
"393","Tree Swallow",393,2014,2,127.625,4.42917383495915
"394","Tree Swallow",417,2014,0,75.0973333333333,5.35556597549331
"395","Tree Swallow",417,2014,1,73.161,3.83979083604239
"396","Tree Swallow",417,2014,2,79.514,4.47308321978964
"397","Tree Swallow",419,2014,1,95.6726666666667,3.05635403526575
"398","Tree Swallow",422,2014,0,123.993666666667,2.72031124199175
"399","Tree Swallow",422,2014,1,126.207666666667,2.75990584059888
"400","Tree Swallow",471,2014,0,44.3553333333333,3.41188391843077
"401","Tree Swallow",471,2014,1,91.9726666666667,11.1878643624191
"402","Tree Swallow",471,2014,2,65.208,4.34123846966317
"403","Tree Swallow",471,2014,3,75.5866666666667,8.35857508678259
"404","Tree Swallow",498,2014,1,73.6663333333333,7.34449774352137
"405","Tree Swallow",506,2014,0,122.027333333333,3.3357101007403
"406","Tree Swallow",529,2014,2,83.8616666666667,3.48021568143202
"407","Tree Swallow",529,2014,3,106.215666666667,3.01377650772278
"408","Tree Swallow",529,2014,4,104.929333333333,7.69619494909369
"409","Tree Swallow",529,2014,5,126.087333333333,13.5934285590091
"410","Tree Swallow",534,2014,0,112.745666666667,1.7933357856154
"411","Tree Swallow",557,2014,2,98.2446666666667,9.10687194345129
"412","Tree Swallow",557,2014,3,90.592,5.78331089385356
"413","Tree Swallow",557,2014,4,111.883333333333,11.3971204114656
"414","Tree Swallow",558,2014,2,106.894333333333,5.58022229388507
"415","Tree Swallow",558,2014,3,104.993,3.2437311228274
"416","Tree Swallow",558,2014,4,113.149666666667,3.90721836357647
"417","Tree Swallow",558,2014,5,131.207,5.07346669987939
"418","Tree Swallow",563,2014,0,105.287,1.30353266132194
"419","Tree Swallow",567,2014,0,106.147,2.08234716683865
"420","Tree Swallow",589,2014,0,101.905666666667,1.34215064169559
"421","Tree Swallow",590,2014,0,95.0496666666667,1.11098063959252
"422","Tree Swallow",591,2014,0,100.426333333333,1.39614575285322
"423","Tree Swallow",592,2014,0,100.279666666667,1.14770450498628
"424","Tree Swallow",594,2014,0,97.7383333333333,1.76017895838578
"425","Tree Swallow",594,2014,1,114.645666666667,6.43329181964937
"426","Tree Swallow",595,2014,0,99.2376666666667,2.07539963624011
"427","Tree Swallow",618,2014,0,93.156,1.95403942898554
"428","Tree Swallow",619,2014,0,97.1283333333333,1.42987601001749
"429","Tree Swallow",620,2014,0,98.2023333333333,1.52889079332313
"430","Tree Swallow",621,2014,0,98.4103333333333,1.62403993920416
"431","Tree Swallow",621,2014,1,105.376666666667,4.55101008419938
"432","Tree Swallow",622,2014,0,96.1686666666667,2.9436553111881
"433","Tree Swallow",622,2014,1,106.568333333333,5.58782054725976
"434","Tree Swallow",646,2014,0,78.9436666666667,1.97917464270111
"435","Tree Swallow",647,2014,0,85.476,1.91676341628222
"436","Tree Swallow",648,2014,0,89.9136666666667,1.77160739249416
"437","Tree Swallow",648,2014,1,90.718,1.67394046854444
"438","Tree Swallow",649,2014,0,87.7916666666667,2.18201381380828
"439","Tree Swallow",674,2014,0,65.3846666666667,1.73772978062923
"440","Tree Swallow",701,2014,0,65.454,2.91594208437225
"441","Tree Swallow",701,2014,1,61.0033333333333,7.19758690867929
"442","Tree Swallow",702,2014,0,73.1433333333333,2.38481683559457
"443","Tree Swallow",702,2014,1,70.5176666666667,2.65556746636417
"444","Tree Swallow",702,2014,2,77.9293333333333,12.3196968793591
"445","Tree Swallow",736,2014,0,102.407333333333,2.44282664610005
"446","Tree Swallow",738,2014,0,120.578333333333,2.21649155961251
"447","Tree Swallow",739,2014,0,121.835333333333,2.7807905028659
"448","Tree Swallow",226,2015,0,128.373333333333,3.75117483727103
"449","Tree Swallow",309,2015,1,122.568,3.72648246436044
"450","Tree Swallow",392,2015,1,109.693333333333,7.94743204527475
"451","Tree Swallow",392,2015,2,115.015666666667,1.4336804742072
"452","Tree Swallow",393,2015,1,119.428,2.12312314385232
"453","Tree Swallow",393,2015,2,124.182,4.72986961295113
"454","Tree Swallow",417,2015,0,72.199,4.40604169307709
"455","Tree Swallow",417,2015,1,77.6913333333333,3.12655028123799
"456","Tree Swallow",417,2015,2,87.3843333333333,3.45763979903667
"457","Tree Swallow",419,2015,1,89.286,3.56909654535283
"458","Tree Swallow",419,2015,2,89.5023333333333,7.90275135940466
"459","Tree Swallow",422,2015,0,120.479,2.73545606922054
"460","Tree Swallow",471,2015,0,45.3226666666667,2.82817121234865
"461","Tree Swallow",471,2015,1,81.8693333333333,7.681792078159
"462","Tree Swallow",471,2015,2,86.8,3.99173871798545
"463","Tree Swallow",471,2015,3,96.059,9.00139956143979
"464","Tree Swallow",498,2015,0,51.8103333333333,6.47479736278946
"465","Tree Swallow",503,2015,2,97.2236666666667,12.5281799018362
"466","Tree Swallow",505,2015,1,112.431,3.26007899265434
"467","Tree Swallow",506,2015,0,120.534666666667,2.6929318934852
"468","Tree Swallow",529,2015,2,89.4416666666667,2.1023963896187
"469","Tree Swallow",529,2015,3,99.1836666666667,3.18014218607649
"470","Tree Swallow",529,2015,4,107.5,8.08598341015095
"471","Tree Swallow",534,2015,0,108.73,1.68366017073624
"472","Tree Swallow",557,2015,2,104.374333333333,5.00352072332724
"473","Tree Swallow",557,2015,3,94.7756666666667,5.74540492754712
"474","Tree Swallow",557,2015,4,114.409333333333,9.04970046917296
"475","Tree Swallow",558,2015,2,103.421,3.72823357304659
"476","Tree Swallow",558,2015,3,101.211666666667,2.22572426528023
"477","Tree Swallow",558,2015,4,124.677,4.16922836446408
"478","Tree Swallow",558,2015,5,124.680333333333,3.55373365582187
"479","Tree Swallow",558,2015,6,116.787,14.2191312052018
"480","Tree Swallow",563,2015,0,103.512666666667,1.38557310398899
"481","Tree Swallow",567,2015,0,108.108666666667,1.76783293893651
"482","Tree Swallow",589,2015,0,95.661,1.36211751379015
"483","Tree Swallow",590,2015,0,92.654,1.19642292241073
"484","Tree Swallow",591,2015,0,98.6553333333333,1.63281768325528
"485","Tree Swallow",592,2015,0,98.9403333333333,1.4674777860578
"486","Tree Swallow",594,2015,0,100.816333333333,1.65776434285085
"487","Tree Swallow",594,2015,1,113.538333333333,4.10732929532103
"488","Tree Swallow",595,2015,0,101.243333333333,1.97182273980057
"489","Tree Swallow",618,2015,0,92.6046666666667,1.82833963771301
"490","Tree Swallow",619,2015,0,93.4326666666667,1.45562329213698
"491","Tree Swallow",620,2015,0,98.1806666666667,1.16925130108571
"492","Tree Swallow",621,2015,0,98.677,1.66280665602623
"493","Tree Swallow",621,2015,1,102.393,3.09069600585382
"494","Tree Swallow",622,2015,0,94.753,1.62178946445658
"495","Tree Swallow",622,2015,1,110.279666666667,6.12769419120464
"496","Tree Swallow",646,2015,0,83.2703333333333,2.01526019331776
"497","Tree Swallow",647,2015,0,85.1833333333333,1.39488498579515
"498","Tree Swallow",648,2015,0,92.6443333333333,2.0718587681453
"499","Tree Swallow",648,2015,1,86.853,1.7904728233003
"500","Tree Swallow",649,2015,0,88.5686666666667,1.60545239149262
"501","Tree Swallow",674,2015,0,68.7313333333333,1.49796512711842
"502","Tree Swallow",701,2015,0,71.7936666666667,2.81976540061883
"503","Tree Swallow",701,2015,1,75.9436666666667,9.35234277212568
"504","Tree Swallow",702,2015,0,74.2196666666667,2.61451559302119
"505","Tree Swallow",702,2015,1,71.8676666666667,2.28879169243497
"506","Tree Swallow",702,2015,2,92.6713333333333,6.08043053031886
"507","Tree Swallow",736,2015,0,99.6483333333333,2.08105121199307
"508","Tree Swallow",738,2015,0,120.561666666667,2.77370300591296
"509","Tree Swallow",739,2015,0,124.99,1.49687904731615
"510","Tree Swallow",116,2016,0,125.285333333333,2.16182239038538
"511","Tree Swallow",226,2016,0,123.779666666667,4.02680911137204
"512","Tree Swallow",309,2016,1,107.366,2.68845431345449
"513","Tree Swallow",336,2016,1,107.124333333333,4.68147198527049
"514","Tree Swallow",392,2016,1,104.277333333333,1.45090360211942
"515","Tree Swallow",392,2016,2,110.487666666667,1.44448724582693
"516","Tree Swallow",393,2016,1,118.524666666667,1.41092940863611
"517","Tree Swallow",393,2016,2,122.161666666667,3.4002035748377
"518","Tree Swallow",417,2016,0,68.5406666666667,4.04554920602237
"519","Tree Swallow",417,2016,1,71.5976666666667,4.72693443914265
"520","Tree Swallow",417,2016,2,84.5406666666667,2.63919204816764
"521","Tree Swallow",419,2016,1,90.9893333333333,1.62709414827313
"522","Tree Swallow",422,2016,0,122.158,2.49180771768222
"523","Tree Swallow",422,2016,1,113.697,4.99441411887288
"524","Tree Swallow",471,2016,0,46.478,3.46345412916571
"525","Tree Swallow",471,2016,1,66.4866666666667,7.8492266503496
"526","Tree Swallow",471,2016,2,72.616,4.61103363796053
"527","Tree Swallow",471,2016,3,74.976,12.2486230623
"528","Tree Swallow",498,2016,1,73.1556666666667,7.58546511313243
"529","Tree Swallow",503,2016,2,129.240333333333,8.71316320057622
"530","Tree Swallow",505,2016,1,106.203333333333,6.9457951485512
"531","Tree Swallow",506,2016,0,120.367666666667,2.22474066935996
"532","Tree Swallow",529,2016,2,86.6186666666667,3.7619102698649
"533","Tree Swallow",529,2016,3,99.673,2.4195086982237
"534","Tree Swallow",529,2016,4,100.969666666667,7.47489383881285
"535","Tree Swallow",529,2016,5,126.506666666667,14.9983645509087
"536","Tree Swallow",534,2016,0,108.323666666667,1.66408020936595
"537","Tree Swallow",557,2016,2,94.5956666666667,4.35834597243351
"538","Tree Swallow",557,2016,3,96.5826666666667,4.84915844947467
"539","Tree Swallow",557,2016,4,120.303666666667,9.03515345128048
"540","Tree Swallow",558,2016,2,102.045666666667,2.72312070077804
"541","Tree Swallow",558,2016,3,101.676333333333,2.62929856790904
"542","Tree Swallow",558,2016,4,121.407666666667,3.145383765971
"543","Tree Swallow",558,2016,5,126.917,2.85286241191435
"544","Tree Swallow",558,2016,6,115.397333333333,13.0435234525379
"545","Tree Swallow",563,2016,0,104.91,1.32959490354613
"546","Tree Swallow",567,2016,0,103.976,1.74023948864113
"547","Tree Swallow",567,2016,1,99.1493333333333,11.9650081499721
"548","Tree Swallow",589,2016,0,92.8513333333333,2.2193557779031
"549","Tree Swallow",590,2016,0,93.245,1.75973688126867
"550","Tree Swallow",591,2016,0,97.648,1.74119879903261
"551","Tree Swallow",592,2016,0,100.425,1.70489801036364
"552","Tree Swallow",594,2016,0,103.576333333333,2.11194854682675
"553","Tree Swallow",594,2016,1,102.675333333333,3.55707873944455
"554","Tree Swallow",595,2016,0,98.3196666666667,2.24554983324205
"555","Tree Swallow",595,2016,1,106.522,9.25271420935934
"556","Tree Swallow",618,2016,0,86.6226666666667,2.883699845191
"557","Tree Swallow",619,2016,0,93.2946666666667,2.10110520994462
"558","Tree Swallow",620,2016,0,91.604,1.99144150799362
"559","Tree Swallow",621,2016,0,92.6216666666667,1.95869243312252
"560","Tree Swallow",621,2016,1,102.806333333333,2.20010000581053
"561","Tree Swallow",622,2016,0,87.1956666666667,3.65574926972981
"562","Tree Swallow",622,2016,1,105.186,4.16747644904176
"563","Tree Swallow",646,2016,0,74.0663333333333,2.0054776328182
"564","Tree Swallow",647,2016,0,78.5426666666667,1.89825727509464
"565","Tree Swallow",648,2016,0,86.3546666666667,2.94546603198952
"566","Tree Swallow",648,2016,1,86.8036666666667,2.1733294755341
"567","Tree Swallow",649,2016,0,80.655,2.44034698990609
"568","Tree Swallow",674,2016,0,66.043,1.95646626687452
"569","Tree Swallow",701,2016,0,64.924,4.358733400001
"570","Tree Swallow",701,2016,1,64.5146666666667,6.6597223808218
"571","Tree Swallow",702,2016,0,71.6056666666667,3.30350403892603
"572","Tree Swallow",702,2016,1,69.178,2.86444602270766
"573","Tree Swallow",702,2016,2,86.8303333333333,6.60268215900077
"574","Tree Swallow",736,2016,0,96.0033333333333,3.04539220683532
"575","Tree Swallow",738,2016,0,114.771666666667,2.11826018962872
"576","Tree Swallow",739,2016,0,113.938333333333,2.093161324488
"577","Tree Swallow",116,2017,0,129.637666666667,1.46711691180349
"578","Tree Swallow",226,2017,0,128.667666666667,3.44777951974327
"579","Tree Swallow",309,2017,1,113.510666666667,4.28796942419329
"580","Tree Swallow",336,2017,1,106.026666666667,6.37475500622191
"581","Tree Swallow",392,2017,1,104.992,1.50754554310028
"582","Tree Swallow",392,2017,2,117.298333333333,1.4949053937516
"583","Tree Swallow",392,2017,3,89.353,13.4890959507988
"584","Tree Swallow",393,2017,1,121.179333333333,1.65027695460423
"585","Tree Swallow",393,2017,2,122.022,2.74177955320496
"586","Tree Swallow",417,2017,0,69.7543333333333,3.87302396848279
"587","Tree Swallow",417,2017,1,73.7276666666667,4.47066328027623
"588","Tree Swallow",417,2017,2,81.991,3.22258395532464
"589","Tree Swallow",419,2017,1,98.6383333333333,2.35854152566049
"590","Tree Swallow",419,2017,2,82.345,11.1708357277758
"591","Tree Swallow",422,2017,0,122.969,3.25764379283971
"592","Tree Swallow",422,2017,1,122.228666666667,3.15811696898939
"593","Tree Swallow",471,2017,0,53.6696666666667,5.78558878318169
"594","Tree Swallow",471,2017,1,84.455,8.98785674431261
"595","Tree Swallow",471,2017,2,76.4836666666667,3.69201077148137
"596","Tree Swallow",471,2017,3,77.193,9.09204630993671
"597","Tree Swallow",498,2017,1,70.0203333333333,7.71027902801095
"598","Tree Swallow",503,2017,2,123.041,5.30390071434184
"599","Tree Swallow",505,2017,1,107.389,3.25092835639188
"600","Tree Swallow",506,2017,0,115.707666666667,2.30694210652325
"601","Tree Swallow",529,2017,2,96.8293333333333,2.5982923744856
"602","Tree Swallow",529,2017,3,103.362333333333,3.95292167290723
"603","Tree Swallow",529,2017,4,105.968666666667,6.78097919048689
"604","Tree Swallow",529,2017,5,129.386666666667,9.85692016710168
"605","Tree Swallow",534,2017,0,101.208333333333,1.65464291312219
"606","Tree Swallow",557,2017,2,102.604333333333,4.25838300659211
"607","Tree Swallow",557,2017,3,97.8193333333333,3.60578610754623
"608","Tree Swallow",557,2017,4,117.427333333333,6.29787853012554
"609","Tree Swallow",557,2017,5,133.548666666667,7.66019088515561
"610","Tree Swallow",558,2017,2,101.748666666667,4.20762002137833
"611","Tree Swallow",558,2017,3,98.9423333333333,2.12348242628952
"612","Tree Swallow",558,2017,4,119.013,3.85829752869579
"613","Tree Swallow",558,2017,5,130.661333333333,3.75925731504805
"614","Tree Swallow",558,2017,6,113.945333333333,13.5329496094015
"615","Tree Swallow",563,2017,0,99.7753333333333,1.49742188877859
"616","Tree Swallow",567,2017,0,102.617,1.73031085604663
"617","Tree Swallow",589,2017,0,92.771,1.56824066805162
"618","Tree Swallow",590,2017,0,90.4973333333333,1.27901192829719
"619","Tree Swallow",591,2017,0,96.3426666666667,1.66538405687934
"620","Tree Swallow",592,2017,0,95.4913333333333,1.37230437415343
"621","Tree Swallow",594,2017,0,98.1886666666667,1.72763802148096
"622","Tree Swallow",594,2017,1,104.207,4.51674122760048
"623","Tree Swallow",595,2017,0,94.9733333333333,1.69417993065512
"624","Tree Swallow",595,2017,1,100.678333333333,12.6837621849069
"625","Tree Swallow",618,2017,0,88.0943333333333,1.77552397449793
"626","Tree Swallow",619,2017,0,91.4906666666667,1.60876005830492
"627","Tree Swallow",620,2017,0,92.1246666666667,1.52749336088402
"628","Tree Swallow",621,2017,0,93.841,1.39631738300361
"629","Tree Swallow",621,2017,1,97.7536666666667,2.14736822311657
"630","Tree Swallow",622,2017,0,94.013,2.72469673984244
"631","Tree Swallow",622,2017,1,92.8416666666667,4.1764113015054
"632","Tree Swallow",646,2017,0,76.897,2.03152652784661
"633","Tree Swallow",647,2017,0,80.8876666666667,1.9396654323754
"634","Tree Swallow",648,2017,0,89.028,2.05701071890724
"635","Tree Swallow",648,2017,1,82.4093333333333,2.1010912443366
"636","Tree Swallow",649,2017,0,88.122,1.88121299186818
"637","Tree Swallow",674,2017,0,65.6733333333333,2.68372061530304
"638","Tree Swallow",701,2017,0,66.903,2.804082492761
"639","Tree Swallow",701,2017,1,79.509,5.7131543281675
"640","Tree Swallow",702,2017,0,76.2873333333333,5.08750762163118
"641","Tree Swallow",702,2017,1,73.0753333333333,2.58144911152516
"642","Tree Swallow",702,2017,2,72.5723333333333,7.68616464377386
"643","Tree Swallow",736,2017,0,102.679666666667,2.43892790900783
"644","Tree Swallow",738,2017,0,113.752333333333,2.24291583570085
"645","Tree Swallow",739,2017,0,116.257666666667,2.10778449421351
"646","Tree Swallow",116,2018,0,124.357333333333,1.55105818160266
"647","Tree Swallow",226,2018,0,118.326,2.62005322330757
"648","Tree Swallow",309,2018,1,118.117333333333,3.72901256820087
"649","Tree Swallow",336,2018,1,108.343666666667,1.54435150232816
"650","Tree Swallow",392,2018,1,107.350666666667,1.64091349190575
"651","Tree Swallow",392,2018,2,117.809666666667,1.6104774969384
"652","Tree Swallow",392,2018,3,104.784333333333,6.56166948200071
"653","Tree Swallow",393,2018,1,120.299333333333,1.04885632417019
"654","Tree Swallow",393,2018,2,118.435666666667,2.07716941207927
"655","Tree Swallow",417,2018,0,71.8333333333333,3.72793795495861
"656","Tree Swallow",417,2018,1,81.3246666666667,3.94737703849661
"657","Tree Swallow",417,2018,2,85.8383333333333,2.40085788731598
"658","Tree Swallow",419,2018,0,110.882,3.72657641684657
"659","Tree Swallow",419,2018,1,104.929,2.89863640890169
"660","Tree Swallow",422,2018,0,120.667333333333,2.07366814817411
"661","Tree Swallow",422,2018,1,120.207333333333,2.51033466871223
"662","Tree Swallow",471,2018,0,44.9566666666667,4.11579504006529
"663","Tree Swallow",471,2018,2,82.2466666666667,3.21153029948503
"664","Tree Swallow",471,2018,3,87.177,5.48200283823099
"665","Tree Swallow",498,2018,0,54.1766666666667,7.40245821905021
"666","Tree Swallow",498,2018,1,103.282666666667,6.69221150197388
"667","Tree Swallow",503,2018,2,117.192,2.64426424129521
"668","Tree Swallow",505,2018,0,112.697333333333,5.25981128563335
"669","Tree Swallow",505,2018,1,119.255,2.53102950795192
"670","Tree Swallow",506,2018,0,117.068333333333,1.67946541799834
"671","Tree Swallow",529,2018,2,87.956,2.55608591243148
"672","Tree Swallow",529,2018,3,108.719333333333,2.9218838712963
"673","Tree Swallow",529,2018,4,99.6996666666667,9.70825507636489
"674","Tree Swallow",529,2018,5,114.175333333333,10.8128733908188
"675","Tree Swallow",534,2018,0,112.642333333333,1.68503837948449
"676","Tree Swallow",557,2018,2,94.3046666666667,2.83369985010808
"677","Tree Swallow",557,2018,3,94.727,2.66649102594848
"678","Tree Swallow",557,2018,4,113.997666666667,3.20641361206556
"679","Tree Swallow",557,2018,5,120.304,5.32030881578301
"680","Tree Swallow",558,2018,2,96.4633333333333,2.57051059722883
"681","Tree Swallow",558,2018,3,101.436,2.39676563208945
"682","Tree Swallow",558,2018,4,115.360333333333,2.73623626267616
"683","Tree Swallow",558,2018,5,128.302,3.30662576120152
"684","Tree Swallow",558,2018,6,116.077,12.4498756674398
"685","Tree Swallow",563,2018,0,109.564666666667,1.46373918431148
"686","Tree Swallow",567,2018,0,111.034666666667,1.42786944756
"687","Tree Swallow",567,2018,1,110.813666666667,8.69368391049119
"688","Tree Swallow",589,2018,0,101.554666666667,1.22862310214782
"689","Tree Swallow",590,2018,0,100.084333333333,1.63771647749005
"690","Tree Swallow",591,2018,0,104.893333333333,1.76417865620214
"691","Tree Swallow",592,2018,0,107.053333333333,1.46237309440668
"692","Tree Swallow",594,2018,0,101.993333333333,1.82621664778223
"693","Tree Swallow",594,2018,1,117.685666666667,3.82043537628594
"694","Tree Swallow",595,2018,0,101.599333333333,2.20372828671685
"695","Tree Swallow",595,2018,1,102.582666666667,8.23385885836377
"696","Tree Swallow",618,2018,0,94.1396666666667,2.76502712715327
"697","Tree Swallow",619,2018,0,101.192333333333,1.8021534732839
"698","Tree Swallow",620,2018,0,100.695666666667,1.82048142160923
"699","Tree Swallow",621,2018,0,99.8323333333333,1.51249807901868
"700","Tree Swallow",621,2018,1,106.634,3.07471331248706
"701","Tree Swallow",622,2018,0,99.6343333333333,2.42636565786309
"702","Tree Swallow",622,2018,1,108.293666666667,3.05186246583826
"703","Tree Swallow",646,2018,0,76.533,2.74919934387162
"704","Tree Swallow",647,2018,0,83.389,2.26068925447565
"705","Tree Swallow",648,2018,0,91.1076666666667,2.61986560485163
"706","Tree Swallow",648,2018,1,87.8616666666667,2.2018507225568
"707","Tree Swallow",649,2018,0,87.3273333333333,1.93944322824038
"708","Tree Swallow",674,2018,0,70.1946666666667,2.27387225980414
"709","Tree Swallow",701,2018,0,66.2673333333333,3.05870093983845
"710","Tree Swallow",701,2018,1,84.823,6.528849793535
"711","Tree Swallow",702,2018,0,69.275,4.4282326890363
"712","Tree Swallow",702,2018,1,68.443,3.4265626280304
"713","Tree Swallow",702,2018,2,73.0513333333333,10.0216520290828
"714","Tree Swallow",736,2018,0,108.390666666667,2.63799783290494
"715","Tree Swallow",738,2018,0,115.253666666667,1.73618105731425
"716","Tree Swallow",739,2018,0,120.408333333333,1.63559029326565
"717","Tree Swallow",116,2019,0,131.685333333333,0.977054980217076
"718","Tree Swallow",226,2019,0,128.479,3.38310125841783
"719","Tree Swallow",309,2019,1,116.100666666667,4.83759585608159
"720","Tree Swallow",336,2019,1,106.736,2.16776468616365
"721","Tree Swallow",392,2019,1,104.697666666667,2.07469580335232
"722","Tree Swallow",392,2019,2,117.919333333333,1.9080635360774
"723","Tree Swallow",392,2019,3,102.906666666667,10.9130038687813
"724","Tree Swallow",393,2019,1,127.546333333333,1.71857626841301
"725","Tree Swallow",393,2019,2,126.014333333333,2.4401050373061
"726","Tree Swallow",417,2019,0,76.2023333333333,3.33653093823351
"727","Tree Swallow",417,2019,1,79.9933333333333,3.05391514094911
"728","Tree Swallow",417,2019,2,85.4333333333333,2.30622240387769
"729","Tree Swallow",417,2019,3,122.729666666667,14.0139948113453
"730","Tree Swallow",419,2019,0,84.7663333333333,4.2527358029264
"731","Tree Swallow",419,2019,1,95.1843333333333,3.5378703666376
"732","Tree Swallow",419,2019,2,89.7133333333333,9.9562475115071
"733","Tree Swallow",422,2019,0,122.123333333333,1.52629139114799
"734","Tree Swallow",422,2019,1,126.505666666667,2.28612700459006
"735","Tree Swallow",471,2019,0,60.843,4.04175658166372
"736","Tree Swallow",471,2019,1,81.4663333333333,8.54220051384666
"737","Tree Swallow",471,2019,2,77.3366666666667,2.50241408396733
"738","Tree Swallow",471,2019,3,86.6356666666667,5.37666849237654
"739","Tree Swallow",498,2019,0,57.495,9.3092890502376
"740","Tree Swallow",498,2019,1,75.5993333333333,6.4971432578013
"741","Tree Swallow",503,2019,2,116.799,3.81874236685605
"742","Tree Swallow",503,2019,3,97.2066666666667,9.158197407176
"743","Tree Swallow",505,2019,0,116.592666666667,4.1999157911923
"744","Tree Swallow",505,2019,1,111.2,1.58119155140695
"745","Tree Swallow",506,2019,0,116.592666666667,1.24603253886816
"746","Tree Swallow",529,2019,2,90.108,5.34145857669756
"747","Tree Swallow",529,2019,3,103.922,3.3005374081192
"748","Tree Swallow",529,2019,4,107.987333333333,8.11491159238797
"749","Tree Swallow",529,2019,5,120.701,13.3593072186817
"750","Tree Swallow",534,2019,0,110.436,1.43686888664175
"751","Tree Swallow",557,2019,2,98.783,2.81754453127693
"752","Tree Swallow",557,2019,3,100.19,2.46858893103667
"753","Tree Swallow",557,2019,4,113.483666666667,3.50340184635657
"754","Tree Swallow",557,2019,5,133.975,7.63608614434565
"755","Tree Swallow",558,2019,2,101.762,2.15458505183291
"756","Tree Swallow",558,2019,3,99.5383333333333,2.56802040460904
"757","Tree Swallow",558,2019,4,107.891333333333,2.99797501217294
"758","Tree Swallow",558,2019,5,126.559,4.11997294396694
"759","Tree Swallow",563,2019,0,105.281333333333,1.38738116526116
"760","Tree Swallow",567,2019,0,108.174666666667,1.66124796578462
"761","Tree Swallow",589,2019,0,95.62,2.09006924841126
"762","Tree Swallow",590,2019,0,96.068,1.65134843402299
"763","Tree Swallow",591,2019,0,95.637,1.32909235777597
"764","Tree Swallow",592,2019,0,99.2976666666667,1.52572512856835
"765","Tree Swallow",594,2019,0,100.048,1.88756023158889
"766","Tree Swallow",594,2019,1,113.534666666667,4.64844069438183
"767","Tree Swallow",595,2019,0,95.4156666666667,2.18765090779746
"768","Tree Swallow",595,2019,1,82.872,9.82617934907563
"769","Tree Swallow",618,2019,0,89.7706666666667,2.30532233304629
"770","Tree Swallow",619,2019,0,93.0596666666667,1.49002682823896
"771","Tree Swallow",620,2019,0,94.287,1.77435822643152
"772","Tree Swallow",621,2019,0,93.5136666666667,1.42892517810081
"773","Tree Swallow",621,2019,1,103.836333333333,2.41070191371611
"774","Tree Swallow",622,2019,0,99.1626666666667,3.68067774806723
"775","Tree Swallow",622,2019,1,105.266,4.06547496555633
"776","Tree Swallow",646,2019,0,83.643,2.58800764962765
"777","Tree Swallow",647,2019,0,85.3183333333333,2.44151269031336
"778","Tree Swallow",648,2019,0,92.2123333333333,2.22611015249152
"779","Tree Swallow",648,2019,1,91.6193333333333,2.01257125005993
"780","Tree Swallow",649,2019,0,85.4303333333333,2.29206553360916
"781","Tree Swallow",674,2019,0,75.8903333333333,4.12585111680426
"782","Tree Swallow",674,2019,1,93.4966666666667,12.0882600443235
"783","Tree Swallow",701,2019,0,70.1343333333333,5.32807820525773
"784","Tree Swallow",701,2019,1,71.8163333333333,4.61992580680422
"785","Tree Swallow",702,2019,0,68.9283333333333,5.83339867220749
"786","Tree Swallow",702,2019,1,63.409,2.51511980016917
"787","Tree Swallow",702,2019,2,85.4403333333333,11.1870232733643
"788","Tree Swallow",736,2019,0,98.9996666666667,2.32238333980731
"789","Tree Swallow",738,2019,0,118.128333333333,2.19046340581157
"790","Tree Swallow",739,2019,0,118.824333333333,1.7545656791534
"791","Tree Swallow",116,2020,0,124.874,0.922175400428994
"792","Tree Swallow",226,2020,0,122.789666666667,2.76151562462908
"793","Tree Swallow",309,2020,1,120.744,2.94369707184975
"794","Tree Swallow",336,2020,1,109.676,2.13772791226471
"795","Tree Swallow",336,2020,2,111.901,5.30803705894558
"796","Tree Swallow",392,2020,0,97.594,4.05059252043314
"797","Tree Swallow",392,2020,1,103.037666666667,1.78399610507514
"798","Tree Swallow",392,2020,2,121.343333333333,1.4670286113562
"799","Tree Swallow",392,2020,3,120.563,7.36524133526135
"800","Tree Swallow",393,2020,1,121.422666666667,1.18539217438419
"801","Tree Swallow",393,2020,2,122.985333333333,1.45664872134224
"802","Tree Swallow",417,2020,0,68.49,5.29117808449504
"803","Tree Swallow",417,2020,1,82.263,2.90826127801827
"804","Tree Swallow",417,2020,2,96.4693333333333,2.69990544007577
"805","Tree Swallow",419,2020,0,89.36,4.63057383823614
"806","Tree Swallow",419,2020,1,99.4376666666667,2.39569635163254
"807","Tree Swallow",419,2020,2,96.034,6.55060919510104
"808","Tree Swallow",422,2020,0,119.617333333333,1.26046121573853
"809","Tree Swallow",422,2020,1,124.125333333333,1.78344753700839
"810","Tree Swallow",471,2020,0,51.8896666666667,5.02924026483484
"811","Tree Swallow",471,2020,1,64.9313333333333,5.36919245617371
"812","Tree Swallow",471,2020,2,81.031,2.50415573237315
"813","Tree Swallow",471,2020,3,84.1906666666667,4.8473510112395
"814","Tree Swallow",498,2020,0,66.405,9.94923635769937
"815","Tree Swallow",498,2020,1,79.9296666666667,6.34939562718366
"816","Tree Swallow",503,2020,2,114.296333333333,2.87540302156079
"817","Tree Swallow",505,2020,0,117.449666666667,2.98525886298802
"818","Tree Swallow",505,2020,1,113.989666666667,1.70524558633808
"819","Tree Swallow",506,2020,0,117.744333333333,1.60825890985538
"820","Tree Swallow",529,2020,2,102.068666666667,2.95660820303339
"821","Tree Swallow",529,2020,3,113.578333333333,3.20758893321402
"822","Tree Swallow",529,2020,4,124.553333333333,8.24555346471882
"823","Tree Swallow",529,2020,5,131.176666666667,10.258680993877
"824","Tree Swallow",534,2020,0,112.650666666667,1.66199286871339
"825","Tree Swallow",557,2020,2,94.576,6.01755440249572
"826","Tree Swallow",557,2020,3,100.829333333333,2.39529790205077
"827","Tree Swallow",557,2020,4,109.61,2.00729745703694
"828","Tree Swallow",557,2020,5,132.177666666667,6.83556943924512
"829","Tree Swallow",558,2020,2,101.141333333333,1.68314265942002
"830","Tree Swallow",558,2020,3,109.586333333333,2.53127418610153
"831","Tree Swallow",558,2020,4,115.386666666667,2.14616500537564
"832","Tree Swallow",558,2020,5,128.010333333333,3.14751682700522
"833","Tree Swallow",558,2020,6,129.664,11.717687715663
"834","Tree Swallow",563,2020,0,104.878666666667,1.85177966243151
"835","Tree Swallow",567,2020,0,114.047666666667,2.11948703636547
"836","Tree Swallow",567,2020,1,106.914666666667,12.6100907881525
"837","Tree Swallow",589,2020,0,94.4326666666667,1.76498478161013
"838","Tree Swallow",590,2020,0,91.795,2.38233782473654
"839","Tree Swallow",591,2020,0,98.2603333333333,2.54205571102763
"840","Tree Swallow",592,2020,0,101.050666666667,2.13532653912663
"841","Tree Swallow",594,2020,0,102.472666666667,2.58472690239071
"842","Tree Swallow",594,2020,1,112.366333333333,2.94477341273879
"843","Tree Swallow",595,2020,0,102.108,2.93664388246702
"844","Tree Swallow",595,2020,1,102.321666666667,5.6069013727034
"845","Tree Swallow",618,2020,0,94.5906666666667,3.27556956994627
"846","Tree Swallow",619,2020,0,93.8043333333333,2.33378020935507
"847","Tree Swallow",620,2020,0,91.648,2.02009643248341
"848","Tree Swallow",620,2020,1,101.476333333333,11.5243963164689
"849","Tree Swallow",621,2020,0,94.7783333333333,1.93970393944019
"850","Tree Swallow",621,2020,1,103.389666666667,2.92711733522708
"851","Tree Swallow",622,2020,0,95.4276666666667,3.40518716892928
"852","Tree Swallow",622,2020,1,102.112333333333,3.30505002596232
"853","Tree Swallow",646,2020,0,82.9893333333333,2.5906479320416
"854","Tree Swallow",647,2020,0,80.0006666666667,2.12842107699171
"855","Tree Swallow",648,2020,0,87.7016666666667,2.9271464974889
"856","Tree Swallow",648,2020,1,87.186,2.94045678345476
"857","Tree Swallow",649,2020,0,87.6266666666667,3.2197429199206
"858","Tree Swallow",674,2020,0,69.3733333333333,2.63076589582228
"859","Tree Swallow",674,2020,1,99.9246666666667,9.230929616029
"860","Tree Swallow",701,2020,0,61.9166666666667,4.35339402865689
"861","Tree Swallow",701,2020,1,61.1106666666667,5.99258346411743
"862","Tree Swallow",702,2020,0,69.605,5.81328132353685
"863","Tree Swallow",702,2020,1,77.1296666666667,4.25333792646759
"864","Tree Swallow",702,2020,2,88.3826666666667,7.58556171097739
"865","Tree Swallow",736,2020,0,105.651,3.43168439971877
"866","Tree Swallow",738,2020,0,120.951333333333,2.61812587230827
"867","Tree Swallow",739,2020,0,122.048,2.06101397202062
"868","Tree Swallow",116,2021,0,129.256333333333,1.01635174973133
"869","Tree Swallow",226,2021,0,116.708,2.96034748282579
"870","Tree Swallow",226,2021,1,104.345666666667,8.69716782243503
"871","Tree Swallow",309,2021,1,118.289,3.19283735938239
"872","Tree Swallow",336,2021,1,104.769666666667,1.25875919611078
"873","Tree Swallow",336,2021,2,108.555,7.33013542133421
"874","Tree Swallow",392,2021,0,95.7986666666667,3.82313183152539
"875","Tree Swallow",392,2021,1,103.494666666667,1.88144044859501
"876","Tree Swallow",392,2021,2,122.565333333333,2.01322690799704
"877","Tree Swallow",392,2021,3,118.166333333333,8.27446808942686
"878","Tree Swallow",393,2021,1,124.646,1.20575091889917
"879","Tree Swallow",393,2021,2,131.39,1.67874141077218
"880","Tree Swallow",417,2021,0,74.89,4.22435577659391
"881","Tree Swallow",417,2021,1,84.0176666666667,2.87682346694678
"882","Tree Swallow",417,2021,2,92.307,2.59132964513907
"883","Tree Swallow",419,2021,0,106.437666666667,5.17497581447958
"884","Tree Swallow",419,2021,1,101.161333333333,3.08768783411514
"885","Tree Swallow",419,2021,2,81.806,8.75590768032849
"886","Tree Swallow",422,2021,0,121.879,1.22754278422209
"887","Tree Swallow",422,2021,1,126.073,1.7785927388557
"888","Tree Swallow",471,2021,0,51.9496666666667,3.21940803330632
"889","Tree Swallow",471,2021,1,62.9566666666667,4.94202354855515
"890","Tree Swallow",471,2021,2,79.7426666666667,3.02415190102323
"891","Tree Swallow",471,2021,3,86.614,3.58756568476651
"892","Tree Swallow",498,2021,0,65.757,6.66258816279447
"893","Tree Swallow",498,2021,1,65.4833333333333,5.95943737726194
"894","Tree Swallow",503,2021,2,121.266333333333,3.86915882575209
"895","Tree Swallow",503,2021,3,109.294666666667,8.46997156793795
"896","Tree Swallow",505,2021,0,111.709,3.54191577950828
"897","Tree Swallow",505,2021,1,115.192666666667,1.85167197921099
"898","Tree Swallow",506,2021,0,117.131,1.47667391636919
"899","Tree Swallow",529,2021,2,90.331,2.4707908185619
"900","Tree Swallow",529,2021,3,102.230666666667,4.13914287304308
"901","Tree Swallow",529,2021,4,137.491333333333,11.0961089020646
"902","Tree Swallow",529,2021,5,132.138666666667,13.6202523953851
"903","Tree Swallow",534,2021,0,111.421333333333,2.39145379200644
"904","Tree Swallow",557,2021,2,101.058333333333,2.61199886451834
"905","Tree Swallow",557,2021,3,96.9256666666667,2.13455537863128
"906","Tree Swallow",557,2021,4,111.594333333333,4.30185268627373
"907","Tree Swallow",557,2021,5,129.731,5.38909266697627
"908","Tree Swallow",558,2021,2,103.771,2.33488962691101
"909","Tree Swallow",558,2021,3,105.845,3.25379328224375
"910","Tree Swallow",558,2021,4,115.54,3.14659080242293
"911","Tree Swallow",558,2021,5,131.574333333333,3.39229181677308
"912","Tree Swallow",558,2021,6,130.618666666667,10.5902141511624
"913","Tree Swallow",563,2021,0,100.226666666667,1.5855998647828
"914","Tree Swallow",563,2021,1,100.842,10.2364364344707
"915","Tree Swallow",567,2021,0,105.707333333333,1.86641565342575
"916","Tree Swallow",567,2021,1,108.598,10.4049900178916
"917","Tree Swallow",589,2021,0,93.4086666666667,1.55321034517147
"918","Tree Swallow",590,2021,0,93.3663333333333,1.69127763211676
"919","Tree Swallow",591,2021,0,98.0376666666667,2.02672570778267
"920","Tree Swallow",592,2021,0,98.3083333333333,2.0467845509208
"921","Tree Swallow",594,2021,0,98.557,2.30358847018008
"922","Tree Swallow",594,2021,1,104.152666666667,3.4669919094015
"923","Tree Swallow",595,2021,0,99.7196666666667,2.51432969997351
"924","Tree Swallow",595,2021,1,114.839333333333,5.90551814862642
"925","Tree Swallow",618,2021,0,89.6893333333333,2.04406758522964
"926","Tree Swallow",619,2021,0,91.0173333333333,1.84901032139134
"927","Tree Swallow",620,2021,0,93.5126666666667,1.92277713551514
"928","Tree Swallow",620,2021,1,94.697,7.53698390441832
"929","Tree Swallow",621,2021,0,96.6516666666667,1.89072882968221
"930","Tree Swallow",621,2021,1,103.871333333333,2.48411657682927
"931","Tree Swallow",622,2021,0,92.9756666666667,4.17894273826432
"932","Tree Swallow",622,2021,1,103.212333333333,3.10297556785103
"933","Tree Swallow",646,2021,0,78.389,2.26083674648673
"934","Tree Swallow",647,2021,0,82.7173333333333,2.41634278605269
"935","Tree Swallow",648,2021,0,90.8293333333333,2.67580384139449
"936","Tree Swallow",648,2021,1,90.1666666666667,2.26287334027788
"937","Tree Swallow",649,2021,0,85.566,2.12629984958614
"938","Tree Swallow",674,2021,0,74.9936666666667,2.52145707957859
"939","Tree Swallow",674,2021,1,70.2256666666667,14.2572729217738
"940","Tree Swallow",701,2021,0,58.8423333333333,4.35650482232924
"941","Tree Swallow",701,2021,1,61.2933333333333,3.82642166039369
"942","Tree Swallow",702,2021,0,74.162,5.12176728939554
"943","Tree Swallow",702,2021,1,73.1526666666667,4.40694526980907
"944","Tree Swallow",702,2021,2,80.137,5.30015045682245
"945","Tree Swallow",736,2021,0,102.122666666667,2.36180981539377
"946","Tree Swallow",738,2021,0,118.064,2.27162733818464
"947","Tree Swallow",739,2021,0,116.388333333333,2.59995842598067
"948","Tree Swallow",116,2022,0,135.389333333333,0.80413624504126
"949","Tree Swallow",226,2022,0,131.616666666667,2.51750567702111
"950","Tree Swallow",309,2022,1,106.762666666667,4.38232143229297
"951","Tree Swallow",336,2022,1,113.630666666667,1.57005772164762
"952","Tree Swallow",336,2022,2,119.009666666667,5.41485734951475
"953","Tree Swallow",392,2022,0,99.9096666666667,7.02656607211598
"954","Tree Swallow",392,2022,1,106.633666666667,2.48452359780671
"955","Tree Swallow",392,2022,2,120.345333333333,1.6383852795757
"956","Tree Swallow",392,2022,3,114.202666666667,10.6276953691056
"957","Tree Swallow",393,2022,1,124.706666666667,1.14879449793615
"958","Tree Swallow",393,2022,2,127.606666666667,1.57377925684385
"959","Tree Swallow",417,2022,0,75.7043333333333,4.23251926106907
"960","Tree Swallow",417,2022,1,85.769,4.02679078357336
"961","Tree Swallow",417,2022,2,84.7753333333333,3.1543897899918
"962","Tree Swallow",417,2022,3,117.418666666667,14.7162350511348
"963","Tree Swallow",419,2022,0,86.4276666666667,6.63697604630567
"964","Tree Swallow",419,2022,1,99.189,3.68381176994502
"965","Tree Swallow",419,2022,2,98.0856666666667,10.8709576607756
"966","Tree Swallow",422,2022,0,125.913,1.12687811442123
"967","Tree Swallow",422,2022,1,128.695,1.43526826702632
"968","Tree Swallow",471,2022,1,66.5526666666667,5.84345287788544
"969","Tree Swallow",471,2022,2,76.2673333333333,2.71986496797853
"970","Tree Swallow",471,2022,3,86.0216666666667,5.08335296643361
"971","Tree Swallow",498,2022,0,57.4946666666667,8.76022557203369
"972","Tree Swallow",498,2022,1,65.543,5.25991507239957
"973","Tree Swallow",503,2022,2,116.885333333333,3.71691494492293
"974","Tree Swallow",503,2022,3,119.327666666667,6.77694204909073
"975","Tree Swallow",505,2022,0,119.681,3.5232622372262
"976","Tree Swallow",505,2022,1,121.954666666667,2.15084950816133
"977","Tree Swallow",506,2022,0,125.643333333333,1.38903996807143
"978","Tree Swallow",529,2022,2,93.642,2.38894782081225
"979","Tree Swallow",529,2022,3,108.098333333333,3.41250821141667
"980","Tree Swallow",529,2022,4,116.604,8.05366197186424
"981","Tree Swallow",529,2022,5,124.177666666667,10.6699601954465
"982","Tree Swallow",534,2022,0,116.118333333333,1.9472016896979
"983","Tree Swallow",553,2022,0,61.576,9.66264350785297
"984","Tree Swallow",557,2022,2,99.7946666666667,2.65408859767663
"985","Tree Swallow",557,2022,3,98.9636666666667,2.2705502317736
"986","Tree Swallow",557,2022,4,107.340666666667,3.24830161417948
"987","Tree Swallow",557,2022,5,119.881,5.86523423722808
"988","Tree Swallow",558,2022,2,103.433666666667,1.74009842721641
"989","Tree Swallow",558,2022,3,104.282333333333,3.25527574289434
"990","Tree Swallow",558,2022,4,111.934,2.62601268990635
"991","Tree Swallow",558,2022,5,121.705333333333,3.59306854968793
"992","Tree Swallow",558,2022,6,124.399,7.063410148149
"993","Tree Swallow",563,2022,0,105.327333333333,1.81767824626855
"994","Tree Swallow",567,2022,0,103.366333333333,1.57044218351799
"995","Tree Swallow",567,2022,1,107.901,10.4088094150009
"996","Tree Swallow",589,2022,0,95.9973333333333,1.63509961138007
"997","Tree Swallow",590,2022,0,92.6903333333333,1.91389503899656
"998","Tree Swallow",591,2022,0,100.39,2.39829465921603
"999","Tree Swallow",592,2022,0,99.5906666666667,1.94671761144458
"1000","Tree Swallow",594,2022,0,102.905666666667,2.58875808932338
"1001","Tree Swallow",594,2022,1,109.561,2.68874607425417
"1002","Tree Swallow",595,2022,0,97.8243333333333,3.07798081175217
"1003","Tree Swallow",595,2022,1,106.727333333333,3.62234178521187
"1004","Tree Swallow",618,2022,0,88.698,2.05480008787562
"1005","Tree Swallow",619,2022,0,89.7993333333333,2.27584256383159
"1006","Tree Swallow",620,2022,0,94.8496666666667,1.97290750169026
"1007","Tree Swallow",620,2022,1,103.857,4.12070516663806
"1008","Tree Swallow",621,2022,0,94.2656666666667,2.14366189443703
"1009","Tree Swallow",621,2022,1,102.672333333333,2.66558367610804
"1010","Tree Swallow",622,2022,0,90.362,2.86071387849808
"1011","Tree Swallow",622,2022,1,102.164666666667,2.55036984592547
"1012","Tree Swallow",646,2022,0,79.13,2.30351949576205
"1013","Tree Swallow",647,2022,0,81.265,2.88112396327613
"1014","Tree Swallow",648,2022,0,84.565,2.41116422176123
"1015","Tree Swallow",648,2022,1,91.2133333333333,2.91993108732731
"1016","Tree Swallow",649,2022,0,84.514,2.93825602177264
"1017","Tree Swallow",674,2022,0,71.4003333333333,2.62139093848533
"1018","Tree Swallow",674,2022,1,62.4023333333333,14.0034695799165
"1019","Tree Swallow",701,2022,0,66.1826666666667,2.56791048850641
"1020","Tree Swallow",701,2022,1,76.0466666666667,4.85266301477865
"1021","Tree Swallow",702,2022,0,70.806,4.79715557045933
"1022","Tree Swallow",702,2022,1,67.7106666666667,2.09214688340695
"1023","Tree Swallow",702,2022,2,75.1503333333333,3.89958999848372
"1024","Tree Swallow",736,2022,0,100.184666666667,3.52345045704681
"1025","Tree Swallow",738,2022,0,110.099666666667,2.30524863720064
"1026","Tree Swallow",739,2022,0,114.795333333333,2.30981022957611
"1027","Tree Swallow",116,2023,0,130.301333333333,0.949472865223755
"1028","Tree Swallow",226,2023,0,119.793333333333,1.74192431590171
"1029","Tree Swallow",309,2023,1,111.248333333333,2.26635743302484
"1030","Tree Swallow",336,2023,1,111.518666666667,1.64617380156242
"1031","Tree Swallow",336,2023,2,102.800333333333,7.80192860252272
"1032","Tree Swallow",392,2023,0,102.775333333333,3.7650475981977
"1033","Tree Swallow",392,2023,1,105.606,1.38831065285221
"1034","Tree Swallow",392,2023,2,117.761666666667,1.74562681002427
"1035","Tree Swallow",392,2023,3,121.841333333333,10.8447234895475
"1036","Tree Swallow",393,2023,1,122.479,1.14425905120244
"1037","Tree Swallow",393,2023,2,122.909666666667,1.84552843759186
"1038","Tree Swallow",417,2023,0,81.737,3.93983990108085
"1039","Tree Swallow",417,2023,1,93.465,2.74784009876899
"1040","Tree Swallow",417,2023,2,91.602,3.12892836781386
"1041","Tree Swallow",419,2023,0,115.375,6.83124661464534
"1042","Tree Swallow",419,2023,1,103.899666666667,3.00243313949557
"1043","Tree Swallow",419,2023,2,104.040666666667,10.5031956372852
"1044","Tree Swallow",422,2023,0,122.611,1.11299532173114
"1045","Tree Swallow",422,2023,1,126.766333333333,1.53030950179346
"1046","Tree Swallow",471,2023,0,61.576,4.03141514889014
"1047","Tree Swallow",471,2023,1,97.0376666666667,5.31798911478425
"1048","Tree Swallow",471,2023,2,82.4166666666667,2.42700480833245
"1049","Tree Swallow",471,2023,3,96.7443333333333,6.42884732396566
"1050","Tree Swallow",498,2023,1,73.0616666666667,6.8308675002392
"1051","Tree Swallow",503,2023,2,115.482333333333,2.6568228126922
"1052","Tree Swallow",503,2023,3,111.818333333333,9.93825538993745
"1053","Tree Swallow",505,2023,0,118.021666666667,2.69176752829145
"1054","Tree Swallow",505,2023,1,117.545666666667,2.98968682272711
"1055","Tree Swallow",506,2023,0,123.740333333333,1.4485415584089
"1056","Tree Swallow",529,2023,2,97.3096666666667,4.18731629584825
"1057","Tree Swallow",529,2023,3,105.861333333333,4.92688504916154
"1058","Tree Swallow",529,2023,4,96.4963333333333,8.22965545847519
"1059","Tree Swallow",529,2023,5,121.334666666667,13.4898476721926
"1060","Tree Swallow",534,2023,0,115.953333333333,1.92675712530031
"1061","Tree Swallow",553,2023,1,40.6496666666667,13.7734104527791
"1062","Tree Swallow",557,2023,2,98.4796666666667,1.95759987944035
"1063","Tree Swallow",557,2023,3,98.418,2.17428574620926
"1064","Tree Swallow",557,2023,4,111.635333333333,3.07898981512596
"1065","Tree Swallow",557,2023,5,113.15,5.94614319310913
"1066","Tree Swallow",558,2023,2,102.160333333333,2.06947355523596
"1067","Tree Swallow",558,2023,3,109.009,2.52329969427248
"1068","Tree Swallow",558,2023,4,108.618333333333,2.48570381650283
"1069","Tree Swallow",558,2023,5,123.225,3.68214988051558
"1070","Tree Swallow",558,2023,6,121.393,9.86402473611373
"1071","Tree Swallow",563,2023,0,105.246333333333,1.79556710892031
"1072","Tree Swallow",567,2023,0,98.084,1.61528543886718
"1073","Tree Swallow",567,2023,1,107.403,12.674678437387
"1074","Tree Swallow",589,2023,0,97.6626666666667,1.62821679111283
"1075","Tree Swallow",590,2023,0,96.7973333333333,1.9298102527
"1076","Tree Swallow",591,2023,0,98.1893333333333,2.1999468503285
"1077","Tree Swallow",592,2023,0,100.101333333333,1.7101773176218
"1078","Tree Swallow",594,2023,0,99.6406666666667,2.14516824619665
"1079","Tree Swallow",594,2023,1,109.101,2.75632571439126
"1080","Tree Swallow",595,2023,0,96.553,2.16489104831714
"1081","Tree Swallow",595,2023,1,99.0776666666667,4.43909184417518
"1082","Tree Swallow",618,2023,0,93.7733333333333,2.42237724685159
"1083","Tree Swallow",619,2023,0,95.546,1.69317441901429
"1084","Tree Swallow",620,2023,0,89.674,2.05940227070163
"1085","Tree Swallow",620,2023,1,82.2153333333333,8.63654028908242
"1086","Tree Swallow",621,2023,0,98.4576666666667,2.10626525869896
"1087","Tree Swallow",621,2023,1,103.706333333333,2.60288651852099
"1088","Tree Swallow",622,2023,0,93.8436666666667,3.23893863223381
"1089","Tree Swallow",622,2023,1,96.6013333333333,2.75237898654674
"1090","Tree Swallow",646,2023,0,83.7286666666667,2.79254561154389
"1091","Tree Swallow",647,2023,0,81.398,2.37784511321928
"1092","Tree Swallow",648,2023,0,87.3463333333333,2.81372094637632
"1093","Tree Swallow",648,2023,1,92.6303333333333,2.68453884403957
"1094","Tree Swallow",649,2023,0,84.3873333333333,2.84018692626868
"1095","Tree Swallow",674,2023,0,65.97,2.26026612024145
"1096","Tree Swallow",674,2023,1,79.0413333333333,10.6032275448097
"1097","Tree Swallow",701,2023,0,64.7243333333333,3.26770569702907
"1098","Tree Swallow",701,2023,1,90.4876666666667,6.68511367172045
"1099","Tree Swallow",702,2023,0,74.9486666666667,4.5416855011423
"1100","Tree Swallow",702,2023,1,62.335,3.17859657061408
"1101","Tree Swallow",702,2023,2,78.409,3.6317280757612
"1102","Tree Swallow",736,2023,0,102.472333333333,3.16658232748933
"1103","Tree Swallow",738,2023,0,109.217333333333,2.0090076139112
"1104","Tree Swallow",739,2023,0,115.374333333333,2.33966505432104
"1105","Tree Swallow",116,2024,0,128.351666666667,0.779016160047247
"1106","Tree Swallow",226,2024,0,119.322,2.06245822049896
"1107","Tree Swallow",309,2024,1,109.772666666667,2.29042970749391
"1108","Tree Swallow",336,2024,1,101.267333333333,1.61267886861166
"1109","Tree Swallow",392,2024,1,104.784666666667,1.93706366117157
"1110","Tree Swallow",392,2024,2,119.728666666667,1.98620909382934
"1111","Tree Swallow",392,2024,3,105.438333333333,13.421558899894
"1112","Tree Swallow",393,2024,1,122.348,1.47364170451675
"1113","Tree Swallow",393,2024,2,116.790666666667,1.80792765978893
"1114","Tree Swallow",417,2024,0,77.2183333333333,3.70628872066328
"1115","Tree Swallow",417,2024,1,83.908,4.24219299425035
"1116","Tree Swallow",417,2024,2,87.5366666666667,3.53215905711466
"1117","Tree Swallow",419,2024,0,83.659,6.03552219580529
"1118","Tree Swallow",419,2024,1,100.790666666667,3.21231264663566
"1119","Tree Swallow",422,2024,0,118.52,1.37631079719307
"1120","Tree Swallow",422,2024,1,125.876333333333,2.0752049008911
"1121","Tree Swallow",471,2024,0,53.7746666666667,4.47964812286156
"1122","Tree Swallow",471,2024,1,64.3693333333333,4.3218613718468
"1123","Tree Swallow",471,2024,2,75.6623333333333,2.22829598345585
"1124","Tree Swallow",471,2024,3,103.416333333333,7.2252151848263
"1125","Tree Swallow",498,2024,0,60.5436666666667,6.8741431832428
"1126","Tree Swallow",498,2024,1,59.912,8.09172919470575
"1127","Tree Swallow",503,2024,2,113.614333333333,2.44204472038516
"1128","Tree Swallow",503,2024,3,104.071666666667,7.01177002345652
"1129","Tree Swallow",505,2024,0,110.794333333333,2.73407990980639
"1130","Tree Swallow",505,2024,1,110.504333333333,2.22387719208534
"1131","Tree Swallow",506,2024,0,114.108,1.76050252003257
"1132","Tree Swallow",529,2024,2,103.386,3.47846286472925
"1133","Tree Swallow",529,2024,3,115.038,3.93417275147048
"1134","Tree Swallow",529,2024,4,113.125,7.69470236471131
"1135","Tree Swallow",529,2024,5,144.662666666667,11.9763941802785
"1136","Tree Swallow",534,2024,0,109.340666666667,1.61992415675758
"1137","Tree Swallow",553,2024,0,50.5373333333333,6.49142915232862
"1138","Tree Swallow",557,2024,2,91.475,4.26951807524751
"1139","Tree Swallow",557,2024,3,102.764,2.94446270484221
"1140","Tree Swallow",557,2024,4,109.624,1.88762947856549
"1141","Tree Swallow",557,2024,5,120.496,6.9953529089513
"1142","Tree Swallow",558,2024,2,111.073666666667,2.11022690124718
"1143","Tree Swallow",558,2024,3,107.892666666667,2.65546544340712
"1144","Tree Swallow",558,2024,4,109.050666666667,2.97641606182332
"1145","Tree Swallow",558,2024,5,131.895,2.86810919424571
"1146","Tree Swallow",558,2024,6,127.344,9.44189496129635
"1147","Tree Swallow",563,2024,0,100.946,1.48430176084215
"1148","Tree Swallow",563,2024,1,99.6086666666667,8.01970261910773
"1149","Tree Swallow",567,2024,0,100.764333333333,1.64388625201343
"1150","Tree Swallow",567,2024,1,121.761666666667,6.2785882791555
"1151","Tree Swallow",589,2024,0,91.8843333333333,2.10517579881986
"1152","Tree Swallow",590,2024,0,94.377,1.90054598076667
"1153","Tree Swallow",591,2024,0,96.296,1.8061389885652
"1154","Tree Swallow",592,2024,0,99.7903333333333,1.82102862982594
"1155","Tree Swallow",594,2024,0,97.6156666666667,2.07220958715085
"1156","Tree Swallow",594,2024,1,102.797,3.41267340657244
"1157","Tree Swallow",595,2024,0,97.3703333333333,2.52863294101883
"1158","Tree Swallow",595,2024,1,101.238,3.13729770327263
"1159","Tree Swallow",618,2024,0,84.3516666666667,2.12214476140335
"1160","Tree Swallow",619,2024,0,97.2256666666667,1.8478490389944
"1161","Tree Swallow",620,2024,0,90.9586666666667,1.91455305315716
"1162","Tree Swallow",620,2024,1,89.9333333333333,7.81344389651987
"1163","Tree Swallow",621,2024,0,92.9466666666667,2.23550621819151
"1164","Tree Swallow",621,2024,1,100.961666666667,2.91862467820485
"1165","Tree Swallow",622,2024,0,87.3716666666667,3.31670480032008
"1166","Tree Swallow",622,2024,1,100.076,2.23395483050312
"1167","Tree Swallow",646,2024,0,81.7516666666667,2.65989139433024
"1168","Tree Swallow",647,2024,0,79.699,3.13480589553285
"1169","Tree Swallow",648,2024,0,91.4053333333333,2.6767068963234
"1170","Tree Swallow",648,2024,1,93.321,3.33001331271925
"1171","Tree Swallow",649,2024,0,84.1783333333333,2.59193041122658
"1172","Tree Swallow",674,2024,0,72.5686666666667,3.39064158712571
"1173","Tree Swallow",674,2024,1,99.4276666666667,8.66620652885424
"1174","Tree Swallow",701,2024,0,64.6993333333333,3.55149789074669
"1175","Tree Swallow",701,2024,1,67.5556666666667,4.72119311654412
"1176","Tree Swallow",702,2024,0,69.6,4.85790075374588
"1177","Tree Swallow",702,2024,1,70.4256666666667,3.56127815860119
"1178","Tree Swallow",702,2024,2,92.6366666666667,6.45718364529759
"1179","Tree Swallow",736,2024,0,103.070666666667,3.17527432062583
"1180","Tree Swallow",738,2024,0,111.848666666667,2.54792638535289
"1181","Tree Swallow",739,2024,0,112.081333333333,2.00650448349936
